rmse,mae,r2,bias
14.150323200807257,11.179386935744798,-0.21597501828005772,-4.946632571415415
