group,n_pred_points,rmse,bias,r2,ci_inside_count,ci_total_count,ci_outside_count,ci_coverage_pct
Overall,5608,14.150323200807257,-4.946632571415415,-0.21597501828005772,0,0,0,
Control,3050,12.704405828687936,-2.6612422950819674,-0.2883599024469963,0,0,0,
Catalyzed,2558,15.701267059788508,-7.671589703087431,-0.34418520818248344,0,0,0,
