epoch,train_loss,eval_loss
1.0,24.615552024841307,12.33118613243103
2.0,8.887972803115845,9.101111764907836
3.0,6.713768367767334,7.817288317680359
