epoch,train_loss,eval_loss
1.0,24.12439136505127,15.078306617736816
2.0,13.823956031799316,12.19839548110962
3.0,9.758708877563476,9.980063018798829
