{
  "n_train_pairs": 25,
  "static_feature_stats": {
    "cu_%": {
      "min": 0.085,
      "max": 0.595,
      "p05": 0.08900000000000001,
      "p95": 0.5639999999999995,
      "mean": 0.27376,
      "std": 0.14358114525111854
    },
    "acid_soluble_%": {
      "min": 1.036,
      "max": 25.463,
      "p05": 2.1154,
      "p95": 14.547599999999994,
      "mean": 6.948040000000001,
      "std": 5.366303873778122
    },
    "cyanide_soluble_%": {
      "min": 3.109,
      "max": 53.659,
      "p05": 3.158,
      "p95": 46.057399999999994,
      "mean": 18.83784,
      "std": 15.329863497141691
    },
    "residual_cpy_%": {
      "min": 35.366,
      "max": 95.855,
      "p05": 45.465,
      "p95": 93.16159999999999,
      "mean": 74.21448,
      "std": 18.024398585530893
    },
    "material_size_p80_in": {
      "min": 0.5,
      "max": 8.0,
      "p05": 0.5002,
      "p95": 6.0,
      "mean": 1.7650799999999998,
      "std": 1.9300030342463355
    },
    "grouped_copper_sulfides": {
      "min": 0.22,
      "max": 1.28,
      "p05": 0.264,
      "p95": 1.2619999999999998,
      "mean": 0.7208,
      "std": 0.3198739851839777
    },
    "grouped_secondary_copper": {
      "min": 0.0,
      "max": 0.06,
      "p05": 0.0,
      "p95": 0.06,
      "mean": 0.0092,
      "std": 0.0203803927245712
    },
    "grouped_acid_generating_sulfides": {
      "min": 0.06,
      "max": 11.39,
      "p05": 0.34,
      "p95": 7.465999999999999,
      "mean": 2.9416,
      "std": 2.5985729722236894
    },
    "grouped_fe_oxides": {
      "min": 0.03,
      "max": 3.13,
      "p05": 0.052000000000000005,
      "p95": 1.65,
      "mean": 0.6956,
      "std": 0.6864056043827964
    },
    "grouped_carbonates": {
      "min": 0.0,
      "max": 2.09,
      "p05": 0.0,
      "p95": 1.8879999999999986,
      "mean": 0.4396,
      "std": 0.6173976452400454
    },
    "column_height_m": {
      "min": 1.062,
      "max": 8.0,
      "p05": 1.8292,
      "p95": 7.511999999999994,
      "mean": 3.3980799999999998,
      "std": 2.011284771937006
    },
    "column_inner_diameter_m": {
      "min": 0.1,
      "max": 1.092,
      "p05": 0.11000000000000001,
      "p95": 1.0735999999999999,
      "mean": 0.34284,
      "std": 0.31685400539851155
    },
    "bornite": {
      "min": 0.0,
      "max": 0.29,
      "p05": 0.0,
      "p95": 0.18359999999999962,
      "mean": 0.03172,
      "std": 0.06861984386747594
    }
  },
  "dose_descriptor_stats": {
    "total_dose": {
      "min": 0.095,
      "max": 1.654,
      "p05": 0.14040000000000002,
      "p95": 1.5031999999999996,
      "mean": 0.7398399999999999,
      "std": 0.4565129390611603
    },
    "final_day": {
      "min": 497.0,
      "max": 1680.0,
      "p05": 526.4,
      "p95": 1486.7999999999997,
      "mean": 900.76,
      "std": 325.89474129926964
    },
    "first_addition_day": {
      "min": 63.0,
      "max": 518.0,
      "p05": 84.0,
      "p95": 334.5999999999999,
      "mean": 191.52,
      "std": 106.85733293572858
    },
    "day_to_50pct_dose": {
      "min": 217.0,
      "max": 952.0,
      "p05": 303.8,
      "p95": 856.7999999999996,
      "mean": 516.6,
      "std": 176.22213255866714
    },
    "day_to_90pct_dose": {
      "min": 462.0,
      "max": 1379.0,
      "p05": 483.0,
      "p95": 1252.9999999999993,
      "mean": 781.48,
      "std": 245.56239452512114
    },
    "max_addition_rate": {
      "min": 0.0005714285714285719,
      "max": 0.007142857142857133,
      "p05": 0.0007428571428571433,
      "p95": 0.0048000000000000004,
      "mean": 0.0022114285714285734,
      "std": 0.0014619740130694737
    },
    "active_addition_days": {
      "min": 336.0,
      "max": 1379.0,
      "p05": 371.0,
      "p95": 1294.9999999999998,
      "mean": 709.24,
      "std": 312.5590222761954
    }
  },
  "x_train_scaled": [
    [
      -0.5415753250871042,
      -0.5100419337925828,
      -1.0228297214226247,
      1.0218105154977424,
      -0.13734693504095088,
      -0.5026979763124348,
      -0.4514144863878442,
      -0.9203512984886231,
      0.06468478748330055,
      -0.06414018736013359,
      -0.536015595803418,
      -0.45080700282901015,
      -0.4622570212172208
    ],
    [
      -0.5555047315965461,
      -1.101696838284826,
      -1.026026096918147,
      1.2006236940065331,
      -0.655480838168123,
      -0.6277472241513494,
      -0.4514144863878442,
      -1.1089163328837666,
      -0.9696890664163305,
      1.3773943265418618,
      -0.7801381632747355,
      -0.6086083899856226,
      -0.4622570212172208
    ],
    [
      0.767788886800442,
      -0.5251361219071881,
      -0.7477457323488071,
      0.792343774476222,
      -0.3964138866045369,
      1.4668276771504676,
      -0.4514144863878442,
      1.3770635083256764,
      0.5163128082000409,
      -0.7120208677655248,
      -0.47635223919128317,
      -0.45080700282901015,
      -0.4622570212172208
    ],
    [
      -0.34656363395491646,
      3.450225792276441,
      -0.2926210010782295,
      -0.7783605062443412,
      -0.3964138866045369,
      -0.6590095361110782,
      -0.4514144863878442,
      -0.054491446674188565,
      1.405000203803949,
      -0.404277544572964,
      -0.7796409686363011,
      -0.45080700282901015,
      -0.3602456987544041
    ],
    [
      -0.6181870608890351,
      -0.8057762120379969,
      -0.962555212078492,
      1.058538509345964,
      0.8989208712133934,
      -0.5339602882721636,
      -0.4514144863878442,
      -0.012160520585482754,
      0.05011614165372826,
      -0.03174615333986409,
      1.2156011154011694,
      0.6033062633771606,
      -0.4622570212172208
    ],
    [
      -0.7644458292381758,
      0.37902438095780816,
      -0.7991486688890415,
      0.5668161385351006,
      -0.3964138866045369,
      -0.5339602882721636,
      -0.4514144863878442,
      -0.012160520585482754,
      0.05011614165372826,
      -0.03174615333986409,
      -0.6951178801024436,
      -0.4413389195996134,
      -0.4622570212172208
    ],
    [
      -1.314657386361134,
      0.7506022957790786,
      2.2714592357072934,
      -2.155327393433196,
      -0.3964138866045369,
      -1.565616582943208,
      -0.4514144863878442,
      -0.20072555498062636,
      1.332156974656088,
      -0.6634298167351205,
      -0.47635223919128317,
      -0.45080700282901015,
      -0.4622570212172208
    ],
    [
      -1.1753633212667145,
      1.5047526575050967,
      1.3130684442743956,
      -1.5648499938461464,
      -0.3964138866045369,
      -1.4405673351042934,
      0.03925343359894299,
      -0.8241446482870193,
      3.5465911407510724,
      -0.6796268337452552,
      -0.47635223919128317,
      -0.45080700282901015,
      -0.31652656055605405
    ],
    [
      -0.5415753250871042,
      -0.5100419337925828,
      -1.0228297214226247,
      1.0218105154977424,
      2.1942556290313235,
      -0.40891104043324933,
      -0.4514144863878442,
      -0.9549856925612005,
      -0.561766983188307,
      0.3245882208831011,
      1.2156011154011694,
      2.364369744044955,
      -0.4622570212172208
    ],
    [
      -0.5415753250871042,
      -0.5100419337925828,
      -1.0228297214226247,
      1.0218105154977424,
      3.2305234352856678,
      -0.40891104043324933,
      -0.4514144863878442,
      -0.9549856925612005,
      -0.561766983188307,
      0.3245882208831011,
      1.2156011154011694,
      2.364369744044955,
      -0.4622570212172208
    ],
    [
      1.0463770169892814,
      -0.5607285901774302,
      1.804397020443235,
      -1.3677282987664898,
      -0.3964138866045369,
      1.1542045575531819,
      -0.4514144863878442,
      -1.0127096826821627,
      -0.7365907331431742,
      -0.69582385075539,
      -0.47635223919128317,
      -0.45080700282901015,
      3.763926337956613
    ],
    [
      -1.0082104431534105,
      0.2580845280395514,
      -0.018058869228170658,
      -0.06149886196507198,
      -0.13734693504095088,
      -0.9091080317889071,
      -0.4514144863878442,
