{
  "control_lb": [
    0.0,
    1e-05,
    0.0,
    1e-05
  ],
  "control_ub": [
    40.57862514305547,
    0.08973051274367844,
    100.0,
    0.0037385941859750258
  ],
  "catalyzed_lb": [
    0.0,
    1e-05,
    0.0,
    1e-05
  ],
  "catalyzed_ub": [
    56.914686591649,
    1.7414504720045327,
    100.0,
    0.0036019006947671374
  ],
  "source": "full_data_quantile_05_95_with_margin"
}